FF_Percent,MeanError_mrad,RMSError_mrad,MaxError_mrad,MeanCurrent_A,RMSCurrent_A,MaxCurrent_A,CurrentLimitViolations,CurrentLimitViolationPercent,MeanErrorReductionPercent
100,0.471792160613911,0.473022599768649,0.706258576279023,0.809539877871457,0.848117106880476,1.22180372712541,0,0,62.8823011915663
105,0.438433002183429,0.438574723892456,0.605303030403272,0.743427918144091,0.767479634044499,1.25074568328236,0,0,65.5067941325136
110,0.419013635347514,0.421607576403111,0.740919655404748,0.842586942883554,0.881063448764617,1.34322892848822,0,0,67.0345902034106
115,0.416727573077793,0.418947731649856,0.607717175203693,0.802622599737542,0.826432834735795,1.34124691859161,0,0,67.214443490236
120,0.392893218537637,0.392893218537636,0.392893218537635,0.783368420546143,0.785719573453966,0.915922642499595,0,0,69.0895835772687
125,0.34729036709655,0.347947690649834,0.493535575223969,0.782988389886653,0.785724048642462,1.38907863681926,0,0,72.6773348073728
130,0.334937244225072,0.343772900339479,0.717626004036072,0.938857384165964,0.968472300139216,1.44109782245375,0,0,73.6492023633967
135,0.309260242556256,0.31546811654355,0.669896272715533,0.906051542838686,0.92623986281656,1.47931049305445,0,0,75.6693105674131
140,0.355099975641229,0.360520099851557,0.625504338731465,0.899364017306247,0.901934138130868,1.48454785059251,0,0,72.0629229498379
145,0.377061307643843,0.38436262686505,0.668830494964963,0.9434441481355,0.946554824201416,1.52247405514223,0,0,70.3351407297088
150,0.380677026610419,0.387960928709474,0.699579281479309,0.989963517859472,0.992938417560321,1.57909491034202,0,0,70.0506782507166
